"Formulation_ID","API concentration final(%)","Chitosan","Alginate","Calcium chloride","TPP","Surfactant_MW","Surfactant_HLB","Surfactant  Concentratin (%)","Particle_Size (nm)","Encapsulation_Efficiency  (%)","Loading_capacity (%)","Zeta_Potential (clean)","SlogP","TPSA","AMW","NumRotatableBonds","NumHBD","NumHBA","NumAromaticRings","NumSaturatedRings","NumAliphaticRings"
1,0.00344827586206897,0.00103448275862069,0.0413793103448276,0.00703448275862069,0,12600,22,0.517241379310345,226,67.8,5.2,-28.5,4.762000000000004,182.95999999999998,596.5850000000004,17,3,10,2,0,0
2,0.00344827586206897,0.00413793103448276,0.0413793103448276,0.00703448275862069,0,12600,22,0.517241379310345,390,39.2,2.7,-19.2,4.762000000000004,182.95999999999998,596.5850000000004,17,3,10,2,0,0
3,0.0172413793103448,0.00103448275862069,0.0413793103448276,0.00703448275862069,0,12600,22,0.517241379310345,316,31.2,13.1,-28.5,4.762000000000004,182.95999999999998,596.5850000000004,17,3,10,2,0,0
4,0.0172413793103448,0.00413793103448276,0.0413793103448276,0.00703448275862069,0,12600,22,0.517241379310345,536,28.2,9.3,-18.4,4.762000000000004,182.95999999999998,596.5850000000004,17,3,10,2,0,0
5,0.0103448275862069,0.00103448275862069,0.0413793103448276,0.00703448275862069,0,12600,22,0.344827586206897,212,66.8,14.2,-29.2,4.762000000000004,182.95999999999998,596.5850000000004,17,3,10,2,0,0
6,0.0103448275862069,0.00413793103448276,0.0413793103448276,0.00703448275862069,0,12600,22,0.344827586206897,356,43.1,12.8,-19.7,4.762000000000004,182.95999999999998,596.5850000000004,17,3,10,2,0,0
7,0.0103448275862069,0.00103448275862069,0.0413793103448276,0.00703448275862069,0,12600,22,0.689655172413793,326,42.2,10,-28.8,4.762000000000004,182.95999999999998,596.5850000000004,17,3,10,2,0,0
8,0.0103448275862069,0.00413793103448276,0.0413793103448276,0.00703448275862069,0,12600,22,0.689655172413793,552,31.6,7.2,-17.2,4.762000000000004,182.95999999999998,596.5850000000004,17,3,10,2,0,0
9,0.00344827586206897,0.00206896551724138,0.0413793103448276,0.00703448275862069,0,12600,22,0.344827586206897,257,75.7,5.8,-25.6,4.762000000000004,182.95999999999998,596.5850000000004,17,3,10,2,0,0
10,0.0172413793103448,0.00206896551724138,0.0413793103448276,0.00703448275862069,0,12600,22,0.344827586206897,345,55.7,18.9,-22.1,4.762000000000004,182.95999999999998,596.5850000000004,17,3,10,2,0,0
11,0.00344827586206897,0.00206896551724138,0.0413793103448276,0.00703448275862069,0,12600,22,0.689655172413793,372,58.7,5.5,-21.5,4.762000000000004,182.95999999999998,596.5850000000004,17,3,10,2,0,0
12,0.0172413793103448,0.00206896551724138,0.0413793103448276,0.00703448275862069,0,12600,22,0.689655172413793,518,28.3,9.1,-23.5,4.762000000000004,182.95999999999998,596.5850000000004,17,3,10,2,0,0
13,0.0103448275862069,0.00206896551724138,0.0413793103448276,0.00703448275862069,0,12600,22,0.517241379310345,335,75.7,16.6,-26.4,4.762000000000004,182.95999999999998,596.5850000000004,17,3,10,2,0,0
14,0.0103448275862069,0.00206896551724138,0.0413793103448276,0.00703448275862069,0,12600,22,0.517241379310345,339,78.2,16.7,-26.7,4.762000000000004,182.95999999999998,596.5850000000004,17,3,10,2,0,0
15,0.0103448275862069,0.00206896551724138,0.0413793103448276,0.00703448275862069,0,12600,22,0.517241379310345,334,77.8,16.4,-25.8,4.762000000000004,182.95999999999998,596.5850000000004,17,3,10,2,0,0
16,0.00344827586206897,0.00206896551724138,0.0413793103448276,0.00924137931034483,0,12600,22,0.344827586206897,279,38.71,3.43,-27.8,4.938800000000004,160.95999999999998,624.6390000000004,17,1,12,2,0,0
17,0.00344827586206897,0.00620689655172414,0.0413793103448276,0.00924137931034483,0,12600,22,0.344827586206897,434,17.08,1.41,-19.8,4.938800000000004,160.95999999999998,624.6390000000004,17,1,12,2,0,0
18,0.00344827586206897,0.00206896551724138,0.0413793103448276,0.00924137931034483,0,12600,22,1.03448275862069,308,25.42,2.14,-17.5,4.938800000000004,160.95999999999998,624.6390000000004,17,1,12,2,0,0
19,0.00344827586206897,0.00620689655172414,0.0413793103448276,0.00924137931034483,0,12600,22,1.03448275862069,645,13.64,1.06,-12.4,4.938800000000004,160.95999999999998,624.6390000000004,17,1,12,2,0,0
20,0.00172413793103448,0.00206896551724138,0.0413793103448276,0.00924137931034483,0,12600,22,0.689655172413793,285,24.52,1.25,-24.9,4.938800000000004,160.95999999999998,624.6390000000004,17,1,12,2,0,0
21,0.00172413793103448,0.00620689655172414,0.0413793103448276,0.00924137931034483,0,12600,22,0.689655172413793,558,19.09,0.76,-16.5,4.938800000000004,160.95999999999998,624.6390000000004,17,1,12,2,0,0
22,0.00517241379310345,0.00206896551724138,0.0413793103448276,0.00924137931034483,0,12600,22,0.689655172413793,340,39.97,4.45,-23.2,4.938800000000004,160.95999999999998,624.6390000000004,17,1,12,2,0,0
23,0.00517241379310345,0.00620689655172414,0.0413793103448276,0.00924137931034483,0,12600,22,0.689655172413793,585,16.55,2.83,-17.1,4.938800000000004,160.95999999999998,624.6390000000004,17,1,12,2,0,0
24,0.00172413793103448,0.00413793103448276,0.0413793103448276,0.00924137931034483,0,12600,22,0.344827586206897,427,35.16,1.16,-25.7,4.938800000000004,160.95999999999998,624.6390000000004,17,1,12,2,0,0
25,0.00172413793103448,0.00413793103448276,0.0413793103448276,0.00924137931034483,0,12600,22,1.03448275862069,615,23.38,2.48,-13.4,4.938800000000004,160.95999999999998,624.6390000000004,17,1,12,2,0,0
26,0.00517241379310345,0.00413793103448276,0.0413793103448276,0.00924137931034483,0,12600,22,0.344827586206897,482,40.12,5.25,-20.8,4.938800000000004,160.95999999999998,624.6390000000004,17,1,12,2,0,0
27,0.00517241379310345,0.00413793103448276,0.0413793103448276,0.00924137931034483,0,12600,22,1.03448275862069,607,37.37,3.21,-17.2,4.938800000000004,160.95999999999998,624.6390000000004,17,1,12,2,0,0
28,0.00344827586206897,0.00413793103448276,0.0413793103448276,0.00924137931034483,0,12600,22,0.689655172413793,505,45.11,3.78,-21,4.938800000000004,160.95999999999998,624.6390000000004,17,1,12,2,0,0
29,0.00344827586206897,0.00413793103448276,0.0413793103448276,0.00924137931034483,0,12600,22,0.689655172413793,529,43.44,3.51,-20.6,4.938800000000004,160.95999999999998,624.6390000000004,17,1,12,2,0,0
30,0.00344827586206897,0.00413793103448276,0.0413793103448276,0.00924137931034483,0,12600,22,0.689655172413793,519,44.31,3.57,-22.3,4.938800000000004,160.95999999999998,624.6390000000004,17,1,12,2,0,0
31,0.00454545454545455,0.227272727272727,0.272727272727273,0,0,1310,15,0.281818181818182,109,66,,,4.585600000000006,72.83000000000001,418.5740000000003,6,1,5,0,1,3
32,0.00454545454545455,0.363636363636364,0.454545454545454,0,0,1310,15,0.281818181818182,296,79,,,4.585600000000006,72.83000000000001,418.5740000000003,6,1,5,0,1,3
33,0.00454545454545455,0.363636363636364,0.0909090909090909,0,0,1310,15,0.281818181818182,110,41,,,4.585600000000006,72.83000000000001,418.5740000000003,6,1,5,0,1,3
34,0.00454545454545455,0.42012,0.272727272727273,0,0,1310,15,0.281818181818182,219,56,,,4.585600000000006,72.83000000000001,418.5740000000003,6,1,5,0,1,3
35,0.00454545454545455,0.0909090909090909,0.454545454545454,0,0,1310,15,0.281818181818182,309,87,,,4.585600000000006,72.83000000000001,418.5740000000003,6,1,5,0,1,3
36,0.00454545454545455,0.227272727272727,0.272727272727273,0,0,1310,15,0.281818181818182,118,71,,,4.585600000000006,72.83000000000001,418.5740000000003,6,1,5,0,1,3
37,0.00454545454545455,0.227272727272727,0.272727272727273,0,0,1310,15,0.281818181818182,132,67,,,4.585600000000006,72.83000000000001,418.5740000000003,6,1,5,0,1,3
38,0.00454545454545455,0.227272727272727,0.0155975454545455,0,0,1310,15,0.281818181818182,206,37,,,4.585600000000006,72.83000000000001,418.5740000000003,6,1,5,0,1,3
39,0.00454545454545455,0.227272727272727,0.272727272727273,0,0,1310,15,0.281818181818182,127,78,,,4.585600000000006,72.83000000000001,418.5740000000003,6,1,5,0,1,3
40,0.00454545454545455,0.0344254545454545,0.272727272727273,0,0,1310,15,0.281818181818182,307,60,,,4.585600000000006,72.83000000000001,418.5740000000003,6,1,5,0,1,3
41,0.00454545454545455,0.227272727272727,0.529857272727273,0,0,1310,15,0.281818181818182,351,91,,,4.585600000000006,72.83000000000001,418.5740000000003,6,1,5,0,1,3
42,0.00454545454545455,0.0909090909090909,0.0909090909090909,0,0,1310,15,0.281818181818182,209,46,,,4.585600000000006,72.83000000000001,418.5740000000003,6,1,5,0,1,3
43,0.00454545454545455,0.227272727272727,0.272727272727273,0,0,1310,15,0.281818181818182,128,70,,,4.585600000000006,72.83000000000001,418.5740000000003,6,1,5,0,1,3
44,0.06,0.1,0.2,0,0,12600,22,0.5,205,77.67,,27.3,1.9803999999999997,83.8,375.40000000000015,4,2,6,2,2,2
45,0.06,0.3,0.2,0,0,12600,22,0.5,468,61.31,,47.8,1.9803999999999997,83.8,375.40000000000015,4,2,6,2,2,2
46,0.06,0.1,0.6,0,0,12600,22,0.5,273,71.82,,17.6,1.9803999999999997,83.8,375.40000000000015,4,2,6,2,2,2
47,0.06,0.3,0.6,0,0,12600,22,0.5,572,68.51,,38.1,1.9803999999999997,83.8,375.40000000000015,4,2,6,2,2,2
48,0.01,0.1,0.4,0,0,12600,22,0.5,243,74.53,,21.9,1.9803999999999997,83.8,375.40000000000015,4,2,6,2,2,2
49,0.01,0.3,0.4,0,0,12600,22,0.5,483,63.29,,42.2,1.9803999999999997,83.8,375.40000000000015,4,2,6,2,2,2
50,0.1,0.1,0.4,0,0,12600,22,0.5,261,76.84,,20.5,1.9803999999999997,83.8,375.40000000000015,4,2,6,2,2,2
51,0.1,0.3,0.4,0,0,12600,22,0.5,528,67.08,,42.3,1.9803999999999997,83.8,375.40000000000015,4,2,6,2,2,2
52,0.01,0.2,0.2,0,0,12600,22,0.5,338,62.54,,39.6,1.9803999999999997,83.8,375.40000000000015,4,2,6,2,2,2
53,0.01,0.2,0.6,0,0,12600,22,0.5,389,66.91,,30.2,1.9803999999999997,83.8,375.40000000000015,4,2,6,2,2,2
54,0.1,0.2,0.2,0,0,12600,22,0.5,391,64.43,,37.8,1.9803999999999997,83.8,375.40000000000015,4,2,6,2,2,2
55,0.1,0.2,0.6,0,0,12600,22,0.5,409,68.22,,30.8,1.9803999999999997,83.8,375.40000000000015,4,2,6,2,2,2
56,0.06,0.2,0.4,0,0,12600,22,0.5,317,81.48,,34.7,1.9803999999999997,83.8,375.40000000000015,4,2,6,2,2,2
57,0.06,0.2,0.4,0,0,12600,22,0.5,298,77.67,,33.1,1.9803999999999997,83.8,375.40000000000015,4,2,6,2,2,2
58,0.06,0.2,0.4,0,0,12600,22,0.5,317,82.56,,35.5,1.9803999999999997,83.8,375.40000000000015,4,2,6,2,2,2
59,0.00351201478743068,0.0147258163894023,0.0442513863216266,0.00921749845964264,0,0,0,0,332,14,,-25.1,1.9509199999999998,99.6,351.4090000000001,2,2,6,2,0,1
60,0.00351201478743068,0.00427048675292668,0.0442513863216266,0.00921749845964264,0,0,0,0,247,22,,-21.6,1.9509199999999998,99.6,351.4090000000001,2,2,6,2,0,1
61,0.00351201478743068,0.0147258163894023,0.0442513863216266,0.00921749845964264,0,12600,22,0.00733210104744301,428,25,,-24.2,1.9509199999999998,99.6,351.4090000000001,2,2,6,2,0,1
62,0.00351201478743068,0.00427048675292668,0.0442513863216266,0.00921749845964264,0,12600,22,0.00733210104744301,275,20,,-19.6,1.9509199999999998,99.6,351.4090000000001,2,2,6,2,0,1
63,0.00175600739371534,0.0147258163894023,0.0442513863216266,0.00921749845964264,0,12600,22,0.0036660505237215,375,37,,-24.4,1.9509199999999998,99.6,351.4090000000001,2,2,6,2,0,1
64,0.00175600739371534,0.00427048675292668,0.0442513863216266,0.00921749845964264,0,12600,22,0.0036660505237215,265,40,,-19.6,1.9509199999999998,99.6,351.4090000000001,2,2,6,2,0,1
65,0.00526802218114602,0.0147258163894023,0.0442513863216266,0.00921749845964264,0,12600,22,0.0036660505237215,410,10,,-22.3,1.9509199999999998,99.6,351.4090000000001,2,2,6,2,0,1
66,0.00526802218114602,0.00427048675292668,0.0442513863216266,0.00921749845964264,0,12600,22,0.0036660505237215,321,20,,-20.8,1.9509199999999998,99.6,351.4090000000001,2,2,6,2,0,1
67,0.00175600739371534,0.0069211337030191,0.0442513863216266,0.00921749845964264,0,0,0,0,315,34,,-23.7,1.9509199999999998,99.6,351.4090000000001,2,2,6,2,0,1
68,0.00175600739371534,0.0069211337030191,0.0442513863216266,0.00921749845964264,0,12600,22,0.00733210104744301,319,37,,-20.4,1.9509199999999998,99.6,351.4090000000001,2,2,6,2,0,1
69,0.00175600739371534,0.0069211337030191,0.0442513863216266,0.00921749845964264,0,0,0,0,347,10,,-19.1,1.9509199999999998,99.6,351.4090000000001,2,2,6,2,0,1
70,0.00175600739371534,0.0069211337030191,0.0442513863216266,0.00921749845964264,0,12600,22,0.00733210104744301,446,18,,-22.3,1.9509199999999998,99.6,351.4090000000001,2,2,6,2,0,1
71,0.00351201478743068,0.0069211337030191,0.0442513863216266,0.00921749845964264,0,12600,22,0.0036660505237215,253,55,,-17.2,1.9509199999999998,99.6,351.4090000000001,2,2,6,2,0,1
72,0.00351201478743068,0.0069211337030191,0.0442513863216266,0.00921749845964264,0,12600,22,0.0036660505237215,276,45,,-18.2,1.9509199999999998,99.6,351.4090000000001,2,2,6,2,0,1
73,0.00351201478743068,0.0069211337030191,0.0442513863216266,0.00921749845964264,0,12600,22,0.0036660505237215,257,51,,-16.2,1.9509199999999998,99.6,351.4090000000001,2,2,6,2,0,1
74,0.01,0.02,0.1,0,0,12600,22,0.012,265,61.5,,41.59,-2.4503999999999992,227.45999999999998,419.45600000000024,4,4,6,1,2,2
75,0.01,0.06,0.1,0,0,12600,22,0.012,633,91.6,,57.81,-2.4503999999999992,227.45999999999998,419.45600000000024,4,4,6,1,2,2
76,0.04,0.02,0.1,0,0,12600,22,0.012,300,23.5,,35.04,-2.4503999999999992,227.45999999999998,419.45600000000024,4,4,6,1,2,2
77,0.04,0.06,0.1,0,0,12600,22,0.012,638,47.5,,41.97,-2.4503999999999992,227.45999999999998,419.45600000000024,4,4,6,1,2,2
78,0.025,0.02,0.1,0,0,0,0,0,268,24,,56.75,-2.4503999999999992,227.45999999999998,419.45600000000024,4,4,6,1,2,2
79,0.025,0.06,0.1,0,0,0,0,0,616,66.4,,61.9,-2.4503999999999992,227.45999999999998,419.45600000000024,4,4,6,1,2,2
80,0.025,0.02,0.1,0,0,12600,22,0.025,321,33.2,,58.15,-2.4503999999999992,227.45999999999998,419.45600000000024,4,4,6,1,2,2
81,0.025,0.06,0.1,0,0,12600,22,0.025,601,88,,60.99,-2.4503999999999992,227.45999999999998,419.45600000000024,4,4,6,1,2,2
82,0.01,0.04,0.1,0,0,0,0,0,382,79.6,,57.12,-2.4503999999999992,227.45999999999998,419.45600000000024,4,4,6,1,2,2
83,0.04,0.04,0.1,0,0,0,0,0,574,31.8,,53.46,-2.4503999999999992,227.45999999999998,419.45600000000024,4,4,6,1,2,2
84,0.01,0.04,0.1,0,0,12600,22,0.025,414,84.9,,46.79,-2.4503999999999992,227.45999999999998,419.45600000000024,4,4,6,1,2,2
85,0.04,0.04,0.1,0,0,12600,22,0.025,519,36,,54.08,-2.4503999999999992,227.45999999999998,419.45600000000024,4,4,6,1,2,2
86,0.025,0.04,0.1,0,0,12600,22,0.012,600,52.4,,59.22,-2.4503999999999992,227.45999999999998,419.45600000000024,4,4,6,1,2,2
87,0.025,0.04,0.1,0,0,12600,22,0.012,508,52,,59.76,-2.4503999999999992,227.45999999999998,419.45600000000024,4,4,6,1,2,2
88,0.025,0.04,0.1,0,0,12600,22,0.012,594,52.8,,60.06,-2.4503999999999992,227.45999999999998,419.45600000000024,4,4,6,1,2,2
89,0.0103448275862069,0.00103448275862069,0.0413793103448276,0.00924137931034483,0,12600,22,0.689655172413793,125,61.3,15.9,-34.5,5.719000000000006,160.95999999999998,652.6930000000002,19,1,12,2,0,0
90,0.0103448275862069,0.00413793103448276,0.0413793103448276,0.00924137931034483,0,12600,22,0.689655172413793,214,73.1,18.5,-22.9,5.719000000000006,160.95999999999998,652.6930000000002,19,1,12,2,0,0
91,0.0103448275862069,0.00103448275862069,0.0413793103448276,0.00924137931034483,0,12600,22,1.03448275862069,156,68.4,8.7,-32.4,5.719000000000006,160.95999999999998,652.6930000000002,19,1,12,2,0,0
92,0.0103448275862069,0.00413793103448276,0.0413793103448276,0.00924137931034483,0,12600,22,1.03448275862069,382,73.5,7.6,-21.4,5.719000000000006,160.95999999999998,652.6930000000002,19,1,12,2,0,0
93,0.00344827586206897,0.00103448275862069,0.0413793103448276,0.00924137931034483,0,12600,22,0.862068965517241,150,41.4,3.9,-33.6,5.719000000000006,160.95999999999998,652.6930000000002,19,1,12,2,0,0
94,0.00344827586206897,0.00413793103448276,0.0413793103448276,0.00924137931034483,0,12600,22,0.862068965517241,291,61.3,4.5,-22.7,5.719000000000006,160.95999999999998,652.6930000000002,19,1,12,2,0,0
95,0.0172413793103448,0.00103448275862069,0.0413793103448276,0.00924137931034483,0,12600,22,0.862068965517241,148,78.2,23.6,-34.3,5.719000000000006,160.95999999999998,652.6930000000002,19,1,12,2,0,0
96,0.0172413793103448,0.00413793103448276,0.0413793103448276,0.00924137931034483,0,12600,22,0.862068965517241,320,70.7,20.4,-20.3,5.719000000000006,160.95999999999998,652.6930000000002,19,1,12,2,0,0
97,0.00344827586206897,0.00206896551724138,0.0413793103448276,0.00924137931034483,0,12600,22,0.689655172413793,209,42.9,3.1,-30.2,5.719000000000006,160.95999999999998,652.6930000000002,19,1,12,2,0,0
98,0.00344827586206897,0.00206896551724138,0.0413793103448276,0.00924137931034483,0,12600,22,1.03448275862069,341,55.1,2.7,-26.1,5.719000000000006,160.95999999999998,652.6930000000002,19,1,12,2,0,0
99,0.0172413793103448,0.00206896551724138,0.0413793103448276,0.00924137931034483,0,12600,22,0.689655172413793,248,82.9,28.2,-25.6,5.719000000000006,160.95999999999998,652.6930000000002,19,1,12,2,0,0
100,0.0172413793103448,0.00206896551724138,0.0413793103448276,0.00924137931034483,0,12600,22,1.03448275862069,315,73.5,13.7,-27.1,5.719000000000006,160.95999999999998,652.6930000000002,19,1,12,2,0,0
101,0.0103448275862069,0.00206896551724138,0.0413793103448276,0.00924137931034483,0,12600,22,0.862068965517241,244,83.4,17.3,-30.8,5.719000000000006,160.95999999999998,652.6930000000002,19,1,12,2,0,0
102,0.0103448275862069,0.00206896551724138,0.0413793103448276,0.00924137931034483,0,12600,22,0.862068965517241,261,81.9,17.8,-30.4,5.719000000000006,160.95999999999998,652.6930000000002,19,1,12,2,0,0
103,0.0103448275862069,0.00206896551724138,0.0413793103448276,0.00924137931034483,0,12600,22,0.862068965517241,253,82.8,16.1,-29.5,5.719000000000006,160.95999999999998,652.6930000000002,19,1,12,2,0,0
119,0.16,0.012,0.032,0.008,0,0,0,0,263,98.07,,,-1.6248999999999993,64.35,102.093,0,2,3,0,1,1
120,0.48,0.012,0.064,0.008,0,0,0,0,344,98.1,,-42,-1.6248999999999993,64.35,102.093,0,2,3,0,1,1
121,0.48,0.004,0.032,0.008,0,0,0,0,366,97.69,,,-1.6248999999999993,64.35,102.093,0,2,3,0,1,1
122,0.16,0.004,0.064,0.008,0,0,0,0,441,97.93,,,-1.6248999999999993,64.35,102.093,0,2,3,0,1,1
123,0.48,0.004,0.032,0.008,0,0,0,0,176,98.02,,,-1.6248999999999993,64.35,102.093,0,2,3,0,1,1
124,0.32,0.008,0.048,0.008,0,0,0,0,377,99.16,,,-1.6248999999999993,64.35,102.093,0,2,3,0,1,1
125,0.16,0.012,0.064,0.008,0,0,0,0,386,98.04,,,-1.6248999999999993,64.35,102.093,0,2,3,0,1,1
126,0.32,0.008,0.048,0.008,0,0,0,0,383,99.21,,,-1.6248999999999993,64.35,102.093,0,2,3,0,1,1
127,0.48,0.004,0.064,0.008,0,0,0,0,246,97.58,,,-1.6248999999999993,64.35,102.093,0,2,3,0,1,1
128,0.16,0.004,0.032,0.008,0,0,0,0,217,97.96,,,-1.6248999999999993,64.35,102.093,0,2,3,0,1,1
129,0.32,0.008,0.048,0.008,0,0,0,0,372,99.13,,,-1.6248999999999993,64.35,102.093,0,2,3,0,1,1
130,0.00172413793103448,0.00413793103448276,0.0413793103448276,0.00924137931034483,0,1310,15,0.344827586206897,282,46.9,7.1,-22.3,3.3699000000000026,93.06000000000002,368.38500000000005,8,2,6,2,0,0
131,0.00517241379310345,0.00413793103448276,0.0413793103448276,0.00924137931034483,0,1310,15,0.344827586206897,263,49,24,-24.3,3.3699000000000026,93.06000000000002,368.38500000000005,8,2,6,2,0,0
132,0.00172413793103448,0.00413793103448276,0.0413793103448276,0.00924137931034483,0,1310,15,1.37931034482759,330,45.7,4.7,-22.1,3.3699000000000026,93.06000000000002,368.38500000000005,8,2,6,2,0,0
133,0.00517241379310345,0.00413793103448276,0.0413793103448276,0.00924137931034483,0,1310,15,1.37931034482759,294,48.8,14.6,-20.6,3.3699000000000026,93.06000000000002,368.38500000000005,8,2,6,2,0,0
134,0.00172413793103448,0.00206896551724138,0.0413793103448276,0.00924137931034483,0,1310,15,0.689655172413793,295,48.4,9.9,-11.4,3.3699000000000026,93.06000000000002,368.38500000000005,8,2,6,2,0,0
135,0.00517241379310345,0.00206896551724138,0.0413793103448276,0.00924137931034483,0,1310,15,0.689655172413793,281,54.5,27.4,-10.8,3.3699000000000026,93.06000000000002,368.38500000000005,8,2,6,2,0,0
136,0.00172413793103448,0.00827586206896552,0.0413793103448276,0.00924137931034483,0,1310,15,0.689655172413793,984,48.9,4,-27.4,3.3699000000000026,93.06000000000002,368.38500000000005,8,2,6,2,0,0
137,0.00517241379310345,0.00827586206896552,0.0413793103448276,0.00924137931034483,0,1310,15,0.689655172413793,1120,48.2,12.5,-28.4,3.3699000000000026,93.06000000000002,368.38500000000005,8,2,6,2,0,0
138,0.00344827586206897,0.00206896551724138,0.0413793103448276,0.00924137931034483,0,1310,15,0.344827586206897,267,49.2,10.9,-14.3,3.3699000000000026,93.06000000000002,368.38500000000005,8,2,6,2,0,0
139,0.00344827586206897,0.00206896551724138,0.0413793103448276,0.00924137931034483,0,1310,15,1.37931034482759,199,49.5,18.1,-13.5,3.3699000000000026,93.06000000000002,368.38500000000005,8,2,6,2,0,0
140,0.00344827586206897,0.00827586206896552,0.0413793103448276,0.00924137931034483,0,1310,15,0.344827586206897,899,46.9,7.6,-30.8,3.3699000000000026,93.06000000000002,368.38500000000005,8,2,6,2,0,0
141,0.00344827586206897,0.00827586206896552,0.0413793103448276,0.00924137931034483,0,1310,15,1.37931034482759,992,46,6,-25.4,3.3699000000000026,93.06000000000002,368.38500000000005,8,2,6,2,0,0
142,0.00344827586206897,0.00413793103448276,0.0413793103448276,0.00924137931034483,0,1310,15,0.689655172413793,255,48.8,11.9,-25,3.3699000000000026,93.06000000000002,368.38500000000005,8,2,6,2,0,0
143,0.00344827586206897,0.00413793103448276,0.0413793103448276,0.00924137931034483,0,1310,15,0.689655172413793,245,49.2,12.3,-22.4,3.3699000000000026,93.06000000000002,368.38500000000005,8,2,6,2,0,0
144,0.00344827586206897,0.00413793103448276,0.0413793103448276,0.00924137931034483,0,1310,15,0.689655172413793,287,47.8,11.8,-21.8,3.3699000000000026,93.06000000000002,368.38500000000005,8,2,6,2,0,0
145,0.016,0.036,0.00054,0,0.006,1310,15,0.36,218,85.5,,36.7,8.692200000000005,96.36,658.9200000000002,11,2,6,0,3,3
146,0.016,0.036,0.00162,0,0.006,1310,15,0.36,395,69.3,,23.7,8.692200000000005,96.36,658.9200000000002,11,2,6,0,3,3
147,0.016,0.036,0.00054,0,0.006,1310,15,1.08,307,71.1,,32.1,8.692200000000005,96.36,658.9200000000002,11,2,6,0,3,3
148,0.016,0.036,0.00162,0,0.006,1310,15,1.08,505,73.7,,20.2,8.692200000000005,96.36,658.9200000000002,11,2,6,0,3,3
149,0.012,0.036,0.00054,0,0.006,1310,15,0.72,261,65.7,,33.1,8.692200000000005,96.36,658.9200000000002,11,2,6,0,3,3
150,0.012,0.036,0.00162,0,0.006,1310,15,0.72,441,82.8,,21.2,8.692200000000005,96.36,658.9200000000002,11,2,6,0,3,3
151,0.02,0.036,0.00054,0,0.006,1310,15,0.72,247,81.8,,35.1,8.692200000000005,96.36,658.9200000000002,11,2,6,0,3,3
152,0.02,0.036,0.00162,0,0.006,1310,15,0.72,438,55.7,,23,8.692200000000005,96.36,658.9200000000002,11,2,6,0,3,3
153,0.012,0.036,0.00108,0,0.006,1310,15,0.36,310,76.5,,27.6,8.692200000000005,96.36,658.9200000000002,11,2,6,0,3,3
154,0.012,0.036,0.00108,0,0.006,1310,15,1.08,460,61.8,,26.7,8.692200000000005,96.36,658.9200000000002,11,2,6,0,3,3
155,0.02,0.036,0.00108,0,0.006,1310,15,0.36,286,63.7,,33.8,8.692200000000005,96.36,658.9200000000002,11,2,6,0,3,3
156,0.02,0.036,0.00108,0,0.006,1310,15,1.08,439,70.2,,27.6,8.692200000000005,96.36,658.9200000000002,11,2,6,0,3,3
157,0.016,0.036,0.00108,0,0.006,1310,15,0.72,325,64.8,,26.9,8.692200000000005,96.36,658.9200000000002,11,2,6,0,3,3
158,0.016,0.036,0.00108,0,0.006,1310,15,0.72,341,62.6,,25.7,8.692200000000005,96.36,658.9200000000002,11,2,6,0,3,3
159,0.016,0.036,0.00108,0,0.006,1310,15,0.72,336,65.7,,27.6,8.692200000000005,96.36,658.9200000000002,11,2,6,0,3,3
160,0.05,0.045,0.008,0.0125,0,0,0,0,457.3,70.79,35.395,,0.3861000000000004,160.82,416.38200000000006,3,6,9,3,1,1
161,0.05,0.045,0.01,0.0125,0,0,0,0,429.1,73.17,36.585,,0.3861000000000004,160.82,416.38200000000006,3,6,9,3,1,1
162,0.05,0.045,0.008,0.0125,0,0,0,0,225.6,87.96,43.98,,0.3861000000000004,160.82,416.38200000000006,3,6,9,3,1,1
163,0.05,0.06,0.01,0.0125,0,0,0,0,459.4,71.47,35.735,,0.3861000000000004,160.82,416.38200000000006,3,6,9,3,1,1
164,0.05,0.45,0.005,0.0125,0,0,0,0,441.3,75.98,37.99,,0.3861000000000004,160.82,416.38200000000006,3,6,9,3,1,1
165,0.05,0.03,0.008,0.0125,0,0,0,0,447.3,73.99,36.995,,0.3861000000000004,160.82,416.38200000000006,3,6,9,3,1,1
166,0.05,0.045,0.008,0.0125,0,0,0,0,434.4,76.98,38.49,,0.3861000000000004,160.82,416.38200000000006,3,6,9,3,1,1
167,0.05,0.06,0.008,0.0125,0,0,0,0,396.4,77.78,38.89,,0.3861000000000004,160.82,416.38200000000006,3,6,9,3,1,1
168,0.05,0.03,0.005,0.0125,0,0,0,0,436.5,76.44,38.22,,0.3861000000000004,160.82,416.38200000000006,3,6,9,3,1,1
169,0.05,0.045,0.008,0.0125,0,0,0,0,511.2,62.04,31.02,,0.3861000000000004,160.82,416.38200000000006,3,6,9,3,1,1
170,0.05,0.045,0.005,0.0125,0,0,0,0,442.6,74.38,37.188,,0.3861000000000004,160.82,416.38200000000006,3,6,9,3,1,1
171,0.05,0.06,0.008,0.0125,0,0,0,0,428.7,75.36,37.68,,0.3861000000000004,160.82,416.38200000000006,3,6,9,3,1,1
172,0.05,0.045,0.008,0.0125,0,0,0,0,194.1,92.45,46.225,,0.3861000000000004,160.82,416.38200000000006,3,6,9,3,1,1
173,0.05,0.045,0.01,0.0125,0,0,0,0,485.3,64.98,32.49,,0.3861000000000004,160.82,416.38200000000006,3,6,9,3,1,1
174,0.05,0.045,0.008,0.0125,0,0,0,0,473.7,66.95,33.475,,0.3861000000000004,160.82,416.38200000000006,3,6,9,3,1,1
175,0.05,0.045,0.01,0.0125,0,0,0,0,414.2,76.77,38.385,,0.3861000000000004,160.82,416.38200000000006,3,6,9,3,1,1
176,0.05,0.045,0.005,0.0125,0,0,0,0,464.6,67.1,33.55,,0.3861000000000004,160.82,416.38200000000006,3,6,9,3,1,1
177,0.05,0.045,0.01,0.0125,0,0,0,0,450.4,72.6,36.3,,0.3861000000000004,160.82,416.38200000000006,3,6,9,3,1,1
178,0.05,0.03,0.01,0.0125,0,0,0,0,560.3,61.99,30.998,,0.3861000000000004,160.82,416.38200000000006,3,6,9,3,1,1
179,0.05,0.06,0.005,0.0125,0,0,0,0,434,72.04,36.02,,0.3861000000000004,160.82,416.38200000000006,3,6,9,3,1,1
180,0.05,0.045,0.005,0.0125,0,0,0,0,395.9,78.14,39.07,,0.3861000000000004,160.82,416.38200000000006,3,6,9,3,1,1
181,0.05,0.06,0.008,0.0125,0,0,0,0,499.1,63.23,31.615,,0.3861000000000004,160.82,416.38200000000006,3,6,9,3,1,1
182,0.05,0.03,0.008,0.0125,0,0,0,0,462.1,68.1,34.05,,0.3861000000000004,160.82,416.38200000000006,3,6,9,3,1,1
183,0.05,0.045,0.008,0.0125,0,0,0,0,200.7,84.32,42.16,,0.3861000000000004,160.82,416.38200000000006,3,6,9,3,1,1
184,0.05,0.045,0.008,0.0125,0,0,0,0,230.8,85.02,42.51,,0.3861000000000004,160.82,416.38200000000006,3,6,9,3,1,1
185,0.05,0.06,0.008,0.0125,0,0,0,0,388.3,80.26,40.13,,0.3861000000000004,160.82,416.38200000000006,3,6,9,3,1,1
186,0.05,0.03,0.008,0.0125,0,0,0,0,533.6,60.336,30.168,,0.3861000000000004,160.82,416.38200000000006,3,6,9,3,1,1
187,0.05,0.045,0.008,0.0125,0,0,0,0,198.1,88.97,44.485,,0.3861000000000004,160.82,416.38200000000006,3,6,9,3,1,1
188,0.05,0.03,0.008,0.0125,0,0,0,0,387.1,81.28,40.64,,0.3861000000000004,160.82,416.38200000000006,3,6,9,3,1,1
189,0.5,0.25,1,0.15,0,0,0,0,142,,41.5,-15.4,0.09201999999999982,81.19,171.15599999999998,3,1,5,1,0,0
190,0.5,0.25,1,0.15,0,0,0,0,196,,39.2,-15.2,0.09201999999999982,81.19,171.15599999999998,3,1,5,1,0,0
191,0.5,0.25,1,0.15,0,0,0,0,167.7,,42,-15.5,0.09201999999999982,81.19,171.15599999999998,3,1,5,1,0,0
192,0.5,0.5,1,0.15,0,0,0,0,227,,43.2,-10.4,0.09201999999999982,81.19,171.15599999999998,3,1,5,1,0,0
193,0.5,0.5,1,0.15,0,0,0,0,224.4,,42,-8.31,0.09201999999999982,81.19,171.15599999999998,3,1,5,1,0,0
194,0.5,0.5,1,0.15,0,0,0,0,226,,46,-6.13,0.09201999999999982,81.19,171.15599999999998,3,1,5,1,0,0
195,0.5,1,1,0.15,0,0,0,0,266.1,,47.1,-23.1,0.09201999999999982,81.19,171.15599999999998,3,1,5,1,0,0
196,0.5,1,1,0.15,0,0,0,0,288.8,,44,-16.2,0.09201999999999982,81.19,171.15599999999998,3,1,5,1,0,0
197,0.5,1,1,0.15,0,0,0,0,276.1,,43.5,-17.6,0.09201999999999982,81.19,171.15599999999998,3,1,5,1,0,0
198,0.5,0.25,1,0.3,0,0,0,0,104.2,,60,-6.83,0.09201999999999982,81.19,171.15599999999998,3,1,5,1,0,0
199,0.5,0.25,1,0.3,0,0,0,0,110.2,,61,-2.79,0.09201999999999982,81.19,171.15599999999998,3,1,5,1,0,0
200,0.5,0.25,1,0.3,0,0,0,0,162.4,,62,-0.9,0.09201999999999982,81.19,171.15599999999998,3,1,5,1,0,0
201,0.5,0.5,1,0.3,0,0,0,0,195.4,,65.1,-6.38,0.09201999999999982,81.19,171.15599999999998,3,1,5,1,0,0
202,0.5,0.5,1,0.3,0,0,0,0,226.6,,66,-18.6,0.09201999999999982,81.19,171.15599999999998,3,1,5,1,0,0
203,0.5,0.5,1,0.3,0,0,0,0,211,,68.5,-10,0.09201999999999982,81.19,171.15599999999998,3,1,5,1,0,0
204,0.5,1,1,0.3,0,0,0,0,114.8,,72.3,-2.41,0.09201999999999982,81.19,171.15599999999998,3,1,5,1,0,0
205,0.5,1,1,0.3,0,0,0,0,169,,70,-2.27,0.09201999999999982,81.19,171.15599999999998,3,1,5,1,0,0
206,0.5,1,1,0.3,0,0,0,0,268.2,,68,-7.79,0.09201999999999982,81.19,171.15599999999998,3,1,5,1,0,0
207,0.5,0.25,2,0.15,0,0,0,0,63.2,,50.3,-5.26,0.09201999999999982,81.19,171.15599999999998,3,1,5,1,0,0
208,0.5,0.25,2,0.15,0,0,0,0,198.8,,55,-4.86,0.09201999999999982,81.19,171.15599999999998,3,1,5,1,0,0
209,0.5,0.25,2,0.15,0,0,0,0,131,,51,-5.49,0.09201999999999982,81.19,171.15599999999998,3,1,5,1,0,0
210,0.5,0.5,2,0.15,0,0,0,0,129.2,,53.5,-7.54,0.09201999999999982,81.19,171.15599999999998,3,1,5,1,0,0
211,0.5,0.5,2,0.15,0,0,0,0,152,,55,-6.07,0.09201999999999982,81.19,171.15599999999998,3,1,5,1,0,0
212,0.5,0.5,2,0.15,0,0,0,0,141.8,,50.7,-8.27,0.09201999999999982,81.19,171.15599999999998,3,1,5,1,0,0
213,0.5,1,2,0.15,0,0,0,0,233.2,,63.7,-4.56,0.09201999999999982,81.19,171.15599999999998,3,1,5,1,0,0
214,0.5,1,2,0.15,0,0,0,0,178.7,,60,-4.87,0.09201999999999982,81.19,171.15599999999998,3,1,5,1,0,0
215,0.5,1,2,0.15,0,0,0,0,211.9,,66.2,-8.3,0.09201999999999982,81.19,171.15599999999998,3,1,5,1,0,0
216,0.5,0.25,2,0.3,0,0,0,0,34.5,,20.3,-6.22,0.09201999999999982,81.19,171.15599999999998,3,1,5,1,0,0
217,0.5,0.25,2,0.3,0,0,0,0,32.2,,18,-4.88,0.09201999999999982,81.19,171.15599999999998,3,1,5,1,0,0
218,0.5,0.25,2,0.3,0,0,0,0,54,,15,-3.54,0.09201999999999982,81.19,171.15599999999998,3,1,5,1,0,0
219,0.5,0.5,2,0.3,0,0,0,0,86.3,,21.9,-8.42,0.09201999999999982,81.19,171.15599999999998,3,1,5,1,0,0
220,0.5,0.5,2,0.3,0,0,0,0,106,,20,-7.74,0.09201999999999982,81.19,171.15599999999998,3,1,5,1,0,0
221,0.5,0.5,2,0.3,0,0,0,0,96,,20,-9.58,0.09201999999999982,81.19,171.15599999999998,3,1,5,1,0,0
222,0.5,1,2,0.3,0,0,0,0,96.9,,32.3,-4.3,0.09201999999999982,81.19,171.15599999999998,3,1,5,1,0,0
223,0.5,1,2,0.3,0,0,0,0,95,,30,-4.6,0.09201999999999982,81.19,171.15599999999998,3,1,5,1,0,0
224,0.5,1,2,0.3,0,0,0,0,101.8,,28,-4,0.09201999999999982,81.19,171.15599999999998,3,1,5,1,0,0
225,0.0384615384615385,0.000461538461538461,0.0184615384615385,0.0184615384615385,0,12600,22,0.461538461538462,227,33.7,5,-21.9,-0.9921000000000004,88.84,157.10399999999996,1,2,3,1,0,0
226,0.0384615384615385,0.00184615384615385,0.0184615384615385,0.0184615384615385,0,12600,22,0.461538461538462,289,60.9,7.4,-27.8,-0.9921000000000004,88.84,157.10399999999996,1,2,3,1,0,0
227,0.115384615384615,0.000461538461538461,0.0184615384615385,0.0184615384615385,0,12600,22,0.461538461538462,239,34.4,12.1,-24.7,-0.9921000000000004,88.84,157.10399999999996,1,2,3,1,0,0
228,0.115384615384615,0.00184615384615385,0.0184615384615385,0.0184615384615385,0,12600,22,0.461538461538462,284,84.8,24.3,-20.8,-0.9921000000000004,88.84,157.10399999999996,1,2,3,1,0,0
229,0.0769230769230769,0.000461538461538461,0.0184615384615385,0.0184615384615385,0,12600,22,0.307692307692308,243,33.6,11.4,-21.6,-0.9921000000000004,88.84,157.10399999999996,1,2,3,1,0,0
230,0.0769230769230769,0.00184615384615385,0.0184615384615385,0.0184615384615385,0,12600,22,0.307692307692308,288,58.9,15.4,-21.3,-0.9921000000000004,88.84,157.10399999999996,1,2,3,1,0,0
231,0.0769230769230769,0.000461538461538461,0.0184615384615385,0.0184615384615385,0,12600,22,0.615384615384615,231,37.4,7.4,-20.3,-0.9921000000000004,88.84,157.10399999999996,1,2,3,1,0,0
232,0.0769230769230769,0.00184615384615385,0.0184615384615385,0.0184615384615385,0,12600,22,0.615384615384615,274,69.4,12,-21.2,-0.9921000000000004,88.84,157.10399999999996,1,2,3,1,0,0
233,0.0384615384615385,0.00115384615384615,0.0184615384615385,0.0184615384615385,0,12600,22,0.307692307692308,258,63.3,11.9,-22.5,-0.9921000000000004,88.84,157.10399999999996,1,2,3,1,0,0
234,0.115384615384615,0.00115384615384615,0.0184615384615385,0.0184615384615385,0,12600,22,0.307692307692308,281,82.8,23.4,-20.4,-0.9921000000000004,88.84,157.10399999999996,1,2,3,1,0,0
235,0.0384615384615385,0.00115384615384615,0.0184615384615385,0.0184615384615385,0,12600,22,0.615384615384615,245,73.7,7.3,-22.6,-0.9921000000000004,88.84,157.10399999999996,1,2,3,1,0,0
236,0.115384615384615,0.00115384615384615,0.0184615384615385,0.0184615384615385,0,12600,22,0.615384615384615,248,84.2,21.5,-19.9,-0.9921000000000004,88.84,157.10399999999996,1,2,3,1,0,0
237,0.0769230769230769,0.00115384615384615,0.0184615384615385,0.0184615384615385,0,12600,22,0.461538461538462,258,90.7,22,-21.4,-0.9921000000000004,88.84,157.10399999999996,1,2,3,1,0,0
238,0.0769230769230769,0.00115384615384615,0.0184615384615385,0.0184615384615385,0,12600,22,0.461538461538462,260,87.1,22.6,-22,-0.9921000000000004,88.84,157.10399999999996,1,2,3,1,0,0
239,0.0769230769230769,0.00115384615384615,0.0184615384615385,0.0184615384615385,0,12600,22,0.461538461538462,251,89.8,21.9,-21.2,-0.9921000000000004,88.84,157.10399999999996,1,2,3,1,0,0
240,0.00258620689655172,0.00206896551724138,0.0413793103448276,0.00924137931034483,0,1310,15,2.06896551724138,198,52.7,4.2,-32.4,8.905400000000004,74.6,596.8520000000002,10,2,4,0,0,2
241,0.00258620689655172,0.00620689655172414,0.0413793103448276,0.00924137931034483,0,1310,15,2.06896551724138,337,65.4,6.1,-24.7,8.905400000000004,74.6,596.8520000000002,10,2,4,0,0,2
242,0.00258620689655172,0.00206896551724138,0.0413793103448276,0.00924137931034483,0,1310,15,3.44827586206896,288,61.7,4.7,-28.2,8.905400000000004,74.6,596.8520000000002,10,2,4,0,0,2
243,0.00258620689655172,0.00620689655172414,0.0413793103448276,0.00924137931034483,0,1310,15,3.44827586206896,353,74.3,6.4,-21.1,8.905400000000004,74.6,596.8520000000002,10,2,4,0,0,2
244,0.00172413793103448,0.00206896551724138,0.0413793103448276,0.00924137931034483,0,1310,15,2.75862068965517,173,55.8,3.2,-30.3,8.905400000000004,74.6,596.8520000000002,10,2,4,0,0,2
245,0.00172413793103448,0.00620689655172414,0.0413793103448276,0.00924137931034483,0,1310,15,2.75862068965517,278,75.2,5.5,-23.5,8.905400000000004,74.6,596.8520000000002,10,2,4,0,0,2
246,0.00344827586206897,0.00206896551724138,0.0413793103448276,0.00924137931034483,0,1310,15,2.75862068965517,202,58.3,4.4,-26.6,8.905400000000004,74.6,596.8520000000002,10,2,4,0,0,2
247,0.00344827586206897,0.00620689655172414,0.0413793103448276,0.00924137931034483,0,1310,15,2.75862068965517,307,75.3,7.2,-20.7,8.905400000000004,74.6,596.8520000000002,10,2,4,0,0,2
248,0.00172413793103448,0.00413793103448276,0.0413793103448276,0.00924137931034483,0,1310,15,2.06896551724138,264,56.3,5.7,-25.7,8.905400000000004,74.6,596.8520000000002,10,2,4,0,0,2
249,0.00172413793103448,0.00413793103448276,0.0413793103448276,0.00924137931034483,0,1310,15,3.44827586206896,312,67.9,5.9,-22.8,8.905400000000004,74.6,596.8520000000002,10,2,4,0,0,2
250,0.00344827586206897,0.00413793103448276,0.0413793103448276,0.00924137931034483,0,1310,15,2.06896551724138,277,61.1,6.5,-24.1,8.905400000000004,74.6,596.8520000000002,10,2,4,0,0,2
251,0.00344827586206897,0.00413793103448276,0.0413793103448276,0.00924137931034483,0,1310,15,3.44827586206896,342,68.7,6.8,-19.1,8.905400000000004,74.6,596.8520000000002,10,2,4,0,0,2
252,0.00258620689655172,0.00413793103448276,0.0413793103448276,0.00924137931034483,0,1310,15,2.75862068965517,286,62.8,6.2,-20.1,8.905400000000004,74.6,596.8520000000002,10,2,4,0,0,2
253,0.00258620689655172,0.00413793103448276,0.0413793103448276,0.00924137931034483,0,1310,15,2.75862068965517,275,63.2,6.1,-21.3,8.905400000000004,74.6,596.8520000000002,10,2,4,0,0,2
254,0.00258620689655172,0.00413793103448276,0.0413793103448276,0.00924137931034483,0,1310,15,2.75862068965517,292,61.9,6,-19.7,8.905400000000004,74.6,596.8520000000002,10,2,4,0,0,2
255,0.025,0.01,0.05,0.03,0,0,0,0,1252,92.51,20.12,-23.97,2.0781199999999993,130.15,445.54500000000024,7,3,6,2,1,1
256,0.025,0.05,0.01,0.02,0,0,0,0,4522,94.46,22.49,31.23,2.0781199999999993,130.15,445.54500000000024,7,3,6,2,1,1
257,0.025,0.05,0.01,0.01,0,0,0,0,3340,92.17,24.25,11.3,2.0781199999999993,130.15,445.54500000000024,7,3,6,2,1,1
258,0.025,0.01,0.005,0.03,0,0,0,0,311.9,92.89,33.17,-21.37,2.0781199999999993,130.15,445.54500000000024,7,3,6,2,1,1
259,0.025,0.005,0.05,0.02,0,0,0,0,433.6,91.88,22.97,-31.67,2.0781199999999993,130.15,445.54500000000024,7,3,6,2,1,1
260,0.025,0.01,0.01,0.02,0,0,0,0,359.9,92.9,36.12,-23.17,2.0781199999999993,130.15,445.54500000000024,7,3,6,2,1,1
261,0.025,0.005,0.01,0.02,0,0,0,0,387.5,94.1,39.3,-25.9,2.0781199999999993,130.15,445.54500000000024,7,3,6,2,1,1
262,0.025,0.01,0.005,0.02,0,0,0,0,709.3,92.2,38.34,-24.83,2.0781199999999993,130.15,445.54500000000024,7,3,6,2,1,1
263,0.025,0.05,0.01,0.03,0,0,0,0,661.1,91.61,19.91,-14.77,2.0781199999999993,130.15,445.54500000000024,7,3,6,2,1,1
264,0.025,0.01,0.01,0.02,0,0,0,0,399.9,91.9,38.12,-25.17,2.0781199999999993,130.15,445.54500000000024,7,3,6,2,1,1
265,0.025,0.05,0.005,0.02,0,0,0,0,2010,91.96,22.99,-19.23,2.0781199999999993,130.15,445.54500000000024,7,3,6,2,1,1
266,0.025,0.005,0.01,0.03,0,0,0,0,713.7,91.54,32.69,-20.87,2.0781199999999993,130.15,445.54500000000024,7,3,6,2,1,1
267,0.025,0.01,0.01,0.03,0,0,0,0,603,92.06,30.69,10.06,2.0781199999999993,130.15,445.54500000000024,7,3,6,2,1,1
268,0.025,0.01,0.05,0.02,0,0,0,0,431.9,93.79,22.33,-37.8,2.0781199999999993,130.15,445.54500000000024,7,3,6,2,1,1
269,0.025,0.01,0.005,0.02,0,0,0,0,1108,92.1,38.37,-25.83,2.0781199999999993,130.15,445.54500000000024,7,3,6,2,1,1
270,0.025,0.01,0.05,0.01,0,0,0,0,356.5,92.95,24.46,-35.53,2.0781199999999993,130.15,445.54500000000024,7,3,6,2,1,1
271,0.025,0.005,0.01,0.02,0,0,0,0,233.9,90.38,37.66,-23.47,2.0781199999999993,130.15,445.54500000000024,7,3,6,2,1,1
272,0.025,0.01,0.01,0.01,0,0,0,0,496,92.34,41.97,-28,2.0781199999999993,130.15,445.54500000000024,7,3,6,2,1,1
273,0.025,0.005,0.01,0.01,0,0,0,0,353.6,91.92,45.96,-30.97,2.0781199999999993,130.15,445.54500000000024,7,3,6,2,1,1
274,0.025,0.01,0.005,0.01,0,0,0,0,4284,90.33,45.16,-26.13,2.0781199999999993,130.15,445.54500000000024,7,3,6,2,1,1
275,0.025,0.05,0.01,0.02,0,0,0,0,889.7,93.17,22.18,16.33,2.0781199999999993,130.15,445.54500000000024,7,3,6,2,1,1
276,0.025,0.01,0.01,0.02,0,0,0,0,359.9,93.9,34.11,-27.17,2.0781199999999993,130.15,445.54500000000024,7,3,6,2,1,1
277,0.025,0.05,0.05,0.02,0,0,0,0,675,92.83,16.01,-33.93,2.0781199999999993,130.15,445.54500000000024,7,3,6,2,1,1
278,0.025,0.01,0.01,0.01,0,0,0,0,173,92.37,41.99,9.607,2.0781199999999993,130.15,445.54500000000024,7,3,6,2,1,1
279,0.025,0.005,0.005,0.02,0,0,0,0,372.3,93.46,42.48,-29.93,2.0781199999999993,130.15,445.54500000000024,7,3,6,2,1,1
280,0.025,0.01,0.01,0.03,0,0,0,0,703,92.37,30.79,-16.1,2.0781199999999993,130.15,445.54500000000024,7,3,6,2,1,1
281,0.025,0.01,0.05,0.02,0,0,0,0,384.8,90.15,21.47,-32.57,2.0781199999999993,130.15,445.54500000000024,7,3,6,2,1,1
282,0.1,0.03,0.05,0,0,0,0,0,329,6.19,2.68,,-0.7977000000000001,65.72,130.07799999999997,0,2,2,1,0,0
283,0.1,0.04,0.05,0,0,0,0,0,345,9.98,4.89,,-0.7977000000000001,65.72,130.07799999999997,0,2,2,1,0,0
284,0.1,0.05,0.05,0,0,0,0,0,376,12.29,6.62,,-0.7977000000000001,65.72,130.07799999999997,0,2,2,1,0,0
285,0.1,0.03,0.075,0,0,0,0,0,355,14.31,6.84,,-0.7977000000000001,65.72,130.07799999999997,0,2,2,1,0,0
286,0.1,0.04,0.075,0,0,0,0,0,377,16.83,8.85,,-0.7977000000000001,65.72,130.07799999999997,0,2,2,1,0,0
287,0.1,0.05,0.075,0,0,0,0,0,367,15.52,10.91,,-0.7977000000000001,65.72,130.07799999999997,0,2,2,1,0,0
288,0.1,0.03,0.1,0,0,0,0,0,362,13.29,9.18,,-0.7977000000000001,65.72,130.07799999999997,0,2,2,1,0,0
289,0.1,0.04,0.1,0,0,0,0,0,381,18.5,12.89,,-0.7977000000000001,65.72,130.07799999999997,0,2,2,1,0,0
290,0.1,0.05,0.1,0,0,0,0,0,412,26.66,18.93,,-0.7977000000000001,65.72,130.07799999999997,0,2,2,1,0,0
291,0.0714,0.0357,0,0,0.0143,0,0,0,113.8,19.78,,16.2,1.544,75.01,361.3730000000001,2,1,6,2,1,2
292,0.0714,0.1071,0,0,0.0214,0,0,0,165.5,28.62,,23.8,1.544,75.01,361.3730000000001,2,1,6,2,1,2
293,0.0714,0.25,0,0,0.0214,0,0,0,287.4,24.06,,30.6,1.544,75.01,361.3730000000001,2,1,6,2,1,2
294,0.0714,0.3571,0,0,0.0214,0,0,0,396.1,33.1,,40.3,1.544,75.01,361.3730000000001,2,1,6,2,1,2
295,0.0714,0.1071,0.0014,0,0.0214,0,0,0,227.6,29.88,,28.1,1.544,75.01,361.3730000000001,2,1,6,2,1,2
296,0.0714,0.1071,0.0029,0,0.0214,0,0,0,243.1,29.77,,32.4,1.544,75.01,361.3730000000001,2,1,6,2,1,2
297,0.0714,0.25,0.0071,0,0.0214,0,0,0,439.8,24.82,,37.4,1.544,75.01,361.3730000000001,2,1,6,2,1,2
298,0.0714,0.25,0.0143,0,0.0214,0,0,0,509,22.95,,35.3,1.544,75.01,361.3730000000001,2,1,6,2,1,2
299,0.5,1,0.5,6.66,0.67,0,0,0,,,,,1.9880000000000009,131.36,302.238,1,5,7,3,0,0
300,0.75,1,0.5,6.66,0.67,0,0,0,,82.4,46.5,,1.9880000000000009,131.36,302.238,1,5,7,3,0,0
301,1,1,0.5,6.66,0.67,0,0,0,,,,,1.9880000000000009,131.36,302.238,1,5,7,3,0,0
1,0.375,0.5,0.75,0.06,0,0,0,0,137.5,35,,-35.8,3.776000000000004,12.47,291.822,6,0,2,2,0,0
2,0.75,0.5,0.75,0.06,0,0,0,0,246.8,49.2,,-36.9,3.776000000000004,12.47,291.822,6,0,2,2,0,0
3,0.375,0.5,0.75,0.08,0,0,0,0,326.7,52.9,,-41.5,3.776000000000004,12.47,291.822,6,0,2,2,0,0
4,0.75,0.5,0.75,0.08,0,0,0,0,314.2,59,,-35.8,3.776000000000004,12.47,291.822,6,0,2,2,0,0
5,0.5,0.5,1,0.06,0,0,0,0,473.4,65.8,,-38.5,3.776000000000004,12.47,291.822,6,0,2,2,0,0
6,1,0.5,1,0.06,0,0,0,0,523.1,72.5,,-40.5,3.776000000000004,12.47,291.822,6,0,2,2,0,0
7,0.5,0.5,1,0.08,0,0,0,0,619.5,76.5,,-38,3.776000000000004,12.47,291.822,6,0,2,2,0,0
8,1,0.5,1,0.08,0,0,0,0,691,84.3,,-36.8,3.776000000000004,12.47,291.822,6,0,2,2,0,0
9,0.005,0.075,0.3,0.335,0,0,0,0,462.4,10,,-35,4.3354200000000045,220.14999999999998,822.9529999999996,4,6,15,2,1,4
10,0.005,0.075,0.3,0.335,0,0,0,0,470.8,13,,-34.3,4.3354200000000045,220.14999999999998,822.9529999999996,4,6,15,2,1,4
11,0.01,0.075,0.3,0.335,0,0,0,0,465.6,20,,-32.5,4.3354200000000045,220.14999999999998,822.9529999999996,4,6,15,2,1,4
12,0.005,0.075,0.3,0.335,0,0,0,0,328.1,19,,-30.6,4.3354200000000045,220.14999999999998,822.9529999999996,4,6,15,2,1,4
13,0.005,0.075,0.3,0.335,0,0,0,0,322.1,20,,-29.8,4.3354200000000045,220.14999999999998,822.9529999999996,4,6,15,2,1,4
14,0.005,0.075,0.3,0.335,0,0,0,0,320.1,21,,-30.1,4.3354200000000045,220.14999999999998,822.9529999999996,4,6,15,2,1,4
15,0.01,0.075,0.3,0.335,0,0,0,0,315.8,27,,-31,4.3354200000000045,220.14999999999998,822.9529999999996,4,6,15,2,1,4
16,0.01,0.075,0.3,0.335,0,0,0,0,314.6,29,,-28.9,4.3354200000000045,220.14999999999998,822.9529999999996,4,6,15,2,1,4
17,0.005,0.075,0.3,0.335,0,0,0,0,385.9,22,,-22.2,4.3354200000000045,220.14999999999998,822.9529999999996,4,6,15,2,1,4
18,0.005,0.075,0.3,0.335,0,0,0,0,380.1,20,,-23,4.3354200000000045,220.14999999999998,822.9529999999996,4,6,15,2,1,4
19,0.01,0.075,0.3,0.335,0,0,0,0,378.8,25,,-22.5,4.3354200000000045,220.14999999999998,822.9529999999996,4,6,15,2,1,4
20,0.1,0.32,0.12,0.24,0,0,0,0,120,60,,,3.096300000000001,40.8,336.36700000000013,2,0,4,3,0,2
21,0.1,0.24,0.08,0.12,0,0,0,0,70,69,,,3.096300000000001,40.8,336.36700000000013,2,0,4,3,0,2
22,0.1,0.16,0.08,0.18,0,0,0,0,90,67,,,3.096300000000001,40.8,336.36700000000013,2,0,4,3,0,2
23,0.1,0.16,0.12,0.24,0,0,0,0,85,60,,,3.096300000000001,40.8,336.36700000000013,2,0,4,3,0,2
24,0.1,0.24,0.08,0.24,0,0,0,0,60,68,,,3.096300000000001,40.8,336.36700000000013,2,0,4,3,0,2
25,0.1,0.32,0.12,0.12,0,0,0,0,120,60,,,3.096300000000001,40.8,336.36700000000013,2,0,4,3,0,2
26,0.1,0.24,0.12,0.18,0,0,0,0,65,88,,,3.096300000000001,40.8,336.36700000000013,2,0,4,3,0,2
27,0.1,0.32,0.16,0.18,0,0,0,0,140,60,,,3.096300000000001,40.8,336.36700000000013,2,0,4,3,0,2
28,0.1,0.32,0.08,0.18,0,0,0,0,90,69,,,3.096300000000001,40.8,336.36700000000013,2,0,4,3,0,2
29,0.1,0.24,0.16,0.112,0,0,0,0,90,60,,,3.096300000000001,40.8,336.36700000000013,2,0,4,3,0,2
30,0.1,0.16,0.16,0.18,0,0,0,0,80,65,,,3.096300000000001,40.8,336.36700000000013,2,0,4,3,0,2
31,0.1,0.16,0.12,0.18,0,0,0,0,62,87,,,3.096300000000001,40.8,336.36700000000013,2,0,4,3,0,2
32,0.1,0.24,0.12,0.12,0,0,0,0,90,60,,,3.096300000000001,40.8,336.36700000000013,2,0,4,3,0,2
33,0.1,0.16,0.12,0.18,0,0,0,0,59,89,,,3.096300000000001,40.8,336.36700000000013,2,0,4,3,0,2
34,0.1,0.24,0.16,0.24,0,0,0,0,85,60,,,3.096300000000001,40.8,336.36700000000013,2,0,4,3,0,2
35,0.1,0.24,0.12,0.18,0,0,0,0,70,87,,,3.096300000000001,40.8,336.36700000000013,2,0,4,3,0,2
36,0.1,0.24,0.12,0.18,0,0,0,0,62,89,,,3.096300000000001,40.8,336.36700000000013,2,0,4,3,0,2
37,0.05,0.00414,0.0414,0.00924,0,1310,15,0.5,282,46.9,7.1,-22.3,3.3699000000000026,93.06000000000002,368.38500000000005,8,2,6,2,0,0
38,0.15,0.00414,0.0414,0.00924,0,1310,15,0.5,263,49,24,-24.3,3.3699000000000026,93.06000000000002,368.38500000000005,8,2,6,2,0,0
39,0.05,0.00414,0.0414,0.00924,0,1310,15,2,330,45.7,4.7,-22.1,3.3699000000000026,93.06000000000002,368.38500000000005,8,2,6,2,0,0
40,0.15,0.00414,0.0414,0.00924,0,1310,15,2,294,48.8,14.6,-20.6,3.3699000000000026,93.06000000000002,368.38500000000005,8,2,6,2,0,0
41,0.05,0.00207,0.0414,0.00924,0,1310,15,1,295,48.4,9.9,-11.4,3.3699000000000026,93.06000000000002,368.38500000000005,8,2,6,2,0,0
42,0.15,0.00207,0.0414,0.00924,0,1310,15,1,281,54.5,27.4,-10.8,3.3699000000000026,93.06000000000002,368.38500000000005,8,2,6,2,0,0
43,0.05,0.00828,0.0414,0.00924,0,1310,15,1,984,48.9,4,-27.4,3.3699000000000026,93.06000000000002,368.38500000000005,8,2,6,2,0,0
44,0.15,0.00828,0.0414,0.00924,0,1310,15,1,1120,48.2,12.5,-28.4,3.3699000000000026,93.06000000000002,368.38500000000005,8,2,6,2,0,0
45,0.1,0.00207,0.0414,0.00924,0,1310,15,0.5,267,49.2,10.9,-14.3,3.3699000000000026,93.06000000000002,368.38500000000005,8,2,6,2,0,0
46,0.1,0.00207,0.0414,0.00924,0,1310,15,2,199,49.5,18.1,-13.5,3.3699000000000026,93.06000000000002,368.38500000000005,8,2,6,2,0,0
47,0.1,0.00828,0.0414,0.00924,0,1310,15,0.5,899,46.9,7.6,-30.8,3.3699000000000026,93.06000000000002,368.38500000000005,8,2,6,2,0,0
48,0.1,0.00828,0.0414,0.00924,0,1310,15,2,992,46,8.1,-25.4,3.3699000000000026,93.06000000000002,368.38500000000005,8,2,6,2,0,0
49,0.1,0.00414,0.0414,0.00924,0,1310,15,1,255,48.8,11.1,-25,3.3699000000000026,93.06000000000002,368.38500000000005,8,2,6,2,0,0
50,0.1,0.00414,0.0414,0.00924,0,1310,15,1,245,49.2,12.8,-22.4,3.3699000000000026,93.06000000000002,368.38500000000005,8,2,6,2,0,0
51,0.1,0.00414,0.0414,0.00924,0,1310,15,1,287,47.8,11.8,-21.8,3.3699000000000026,93.06000000000002,368.38500000000005,8,2,6,2,0,0
